<annotation>
	<folder>VOC2007</folder>
	<filename>000096.bmp</filename>
	<source>
		<database>The VOC2007 Database</database>
		<annotation>PASCAL VOC2007</annotation>
		<image>flickr</image>
		<flickrid>NULL</flickrid>
	</source>
	<owner>
		<flickrid>NULL</flickrid>
		<name>SCAU640</name>
	</owner>
	<size>
		<width>1037</width>
		<height>692</height>
		<depth>3</depth>
	</size>
	<segmented>0</segmented>
	<object>
		<name>leaf</name>
		<pose>Unspecified</pose>
		<truncated>0</truncated>
		<difficult>0</difficult>
		<bndbox>
			<xmin>553</xmin>
			<ymin>293</ymin>
			<xmax>855</xmax>
			<ymax>514</ymax>
		</bndbox>
	</object>
	<object>
		<name>leaf</name>
		<pose>Unspecified</pose>
		<truncated>0</truncated>
		<difficult>0</difficult>
		<bndbox>
			<xmin>546</xmin>
			<ymin>115</ymin>
			<xmax>776</xmax>
			<ymax>332</ymax>
		</bndbox>
	</object>
	<object>
		<name>leaf</name>
		<pose>Unspecified</pose>
		<truncated>0</truncated>
		<difficult>0</difficult>
		<bndbox>
			<xmin>398</xmin>
			<ymin>70</ymin>
			<xmax>566</xmax>
			<ymax>298</ymax>
		</bndbox>
	</object>
	<object>
		<name>leaf</name>
		<pose>Unspecified</pose>
		<truncated>0</truncated>
		<difficult>0</difficult>
		<bndbox>
			<xmin>122</xmin>
			<ymin>277</ymin>
			<xmax>443</xmax>
			<ymax>478</ymax>
		</bndbox>
	</object>
</annotation>
